/** Copyright 2022 NEC Corporation
Released under the MIT license.
https://opensource.org/licenses/mit-license.php
*/
INSERT INTO pxr_catalog.catalog_item(id,code,version,ns_id,name,description,inherit_code,inherit_version,is_reserved,is_disabled,response,attributes,created_by,created_at,updated_by,updated_at) VALUES
    (17,17,1,80,'イベント識別子列','CMatrixのイベント識別子列の定義です。',NULL,NULL,False,False,'{"catalogItem":{"ns":"catalog/model/cmatrix/3/1","name":"イベント識別子列","_code":{"_value":17,"_ver":1},"inherit":null,"description":"CMatrixのイベント識別子列の定義です。"},"template":{"_code":{"_value":17,"_ver":1},"@value":{"index":"3_1_1","value":null},"index":"3_1_1","value":null},"prop":[{"key":"@value","type":{"of":"string","cmatrix":{"index":"3_1_1","reserved":true},"format":null,"unit":null,"candidate":null},"description":null,"isInherit":false}],"value":null,"attribute":null}',NULL,'test_user',NOW(),'test_user',NOW()),
    (18,18,1,80,'イベント種別コード列','CMatrixのイベント種別列の定義です。',NULL,NULL,False,False,'{"catalogItem":{"ns":"catalog/model/cmatrix/3/1","name":"イベント種別コード列","_code":{"_value":18,"_ver":1},"inherit":null,"description":"CMatrixのイベント種別列の定義です。"},"template":{"_code":{"_value":18,"_ver":1},"@value":{"index":"3_1_2","value":null},"index":"3_1_2","value":null},"prop":[{"key":"@value","type":{"of":"code","cmatrix":{"index":"3_1_2","reserved":true},"candidate":null},"description":null,"isInherit":false}],"value":null,"attribute":null}',NULL,'test_user',NOW(),'test_user',NOW()),
    (19,19,1,81,'イベントの開始時刻列','CMatrixのイベントの開始時刻列の定義です。',NULL,NULL,False,False,'{"catalogItem":{"ns":"catalog/model/cmatrix/3/2","name":"イベントの開始時刻列","_code":{"_value":19,"_ver":1},"inherit":null,"description":"CMatrixのイベントの開始時刻列の定義です。"},"template":{"_code":{"_value":19,"_ver":1},"@value":{"index":"3_2_1","value":null},"index":"3_2_1","value":null},"prop":[{"key":"@value","type":{"of":"string","cmatrix":{"index":"3_2_1","reserved":true},"format":{"_value":6,"_ver":1},"unit":null,"candidate":null},"description":null,"isInherit":false}],"value":null,"attribute":null}',NULL,'test_user',NOW(),'test_user',NOW()),
    (20,20,1,81,'イベントの終了時刻列','CMatrixのイベントの終了時刻列の定義です。',NULL,NULL,False,False,'{"catalogItem":{"ns":"catalog/model/cmatrix/3/2","name":"イベントの終了時刻列","_code":{"_value":20,"_ver":1},"inherit":null,"description":"CMatrixのイベントの終了時刻列の定義です。"},"template":{"_code":{"_value":20,"_ver":1},"@value":{"index":"3_2_2","value":null},"index":"3_2_2","value":null},"prop":[{"key":"@value","type":{"of":"string","cmatrix":{"index":"3_2_2","reserved":true},"format":{"_value":6,"_ver":1},"unit":null,"candidate":null},"description":null,"isInherit":false}],"value":null,"attribute":null}',NULL,'test_user',NOW(),'test_user',NOW()),
    (21,21,1,82,'イベント発生位置列','CMatrixのイベント発生位置列の定義です。',NULL,NULL,False,False,'{"catalogItem":{"ns":"catalog/model/cmatrix/3/3","name":"イベント発生位置列","_code":{"_value":21,"_ver":1},"inherit":null,"description":"CMatrixのイベント発生位置列の定義です。"},"template":{"_code":{"_value":21,"_ver":1},"@value":{"index":"3_3_1","value":null},"index":"3_3_1","value":null},"prop":[{"key":"@value","type":{"of":"string","cmatrix":{"index":"3_3_1","reserved":true},"format":{"_value":1,"_ver":1},"unit":null,"candidate":null},"description":null,"isInherit":false}],"value":null,"attribute":null}',NULL,'test_user',NOW(),'test_user',NOW()),
    (22,22,1,84,'イベントを発生させたアクター識別子列','CMatrixのイベントを発生させたアクター識別子列の定義です。',NULL,NULL,False,False,'{"catalogItem":{"ns":"catalog/model/cmatrix/3/5","name":"イベントを発生させたアクター識別子列","_code":{"_value":22,"_ver":1},"inherit":null,"description":"CMatrixのイベントを発生させたアクター識別子列の定義です。"},"template":{"_code":{"_value":22,"_ver":1},"@value":{"index":"3_5_1","value":null},"index":"3_5_1","value":null},"prop":[{"key":"@value","type":{"of":"code","cmatrix":{"index":"3_5_1","reserved":true},"candidate":null},"description":null,"isInherit":false}],"value":null,"attribute":null}',NULL,'test_user',NOW(),'test_user',NOW()),
    (23,23,1,84,'ワークフロー識別子列','CMatrixのワークフロー識別子列の定義です。',NULL,NULL,False,False,'{"catalogItem":{"ns":"catalog/model/cmatrix/3/5","name":"ワークフロー識別子列","_code":{"_value":23,"_ver":1},"inherit":null,"description":"CMatrixのワークフロー識別子列の定義です。"},"template":{"_code":{"_value":23,"_ver":1},"@value":{"index":"3_5_2","value":null},"index":"3_5_2","value":null},"prop":[{"key":"@value","type":{"of":"code","cmatrix":{"index":"3_5_2","reserved":true},"candidate":null},"description":null,"isInherit":false}],"value":null,"attribute":null}',NULL,'test_user',NOW(),'test_user',NOW()),
    (24,24,1,84,'ワークフローロール識別子列','CMatrixのワークフローロール識別子列の定義です。',NULL,NULL,False,False,'{"catalogItem":{"ns":"catalog/model/cmatrix/3/5","name":"ワークフローロール識別子列","_code":{"_value":24,"_ver":1},"inherit":null,"description":"CMatrixのワークフローロール識別子列の定義です。"},"template":{"_code":{"_value":24,"_ver":1},"@value":{"index":"3_5_3","value":null},"index":"3_5_3","value":null},"prop":[{"key":"@value","type":{"of":"code","cmatrix":{"index":"3_5_3","reserved":true},"candidate":null},"description":null,"isInherit":false}],"value":null,"attribute":null}',NULL,'test_user',NOW(),'test_user',NOW()),
    (25,25,1,84,'ワークフロー職員識別子列','CMatrixのワークフロー職員識別子列の定義です。',NULL,NULL,False,False,'{"catalogItem":{"ns":"catalog/model/cmatrix/3/5","name":"ワークフロー職員識別子列","_code":{"_value":25,"_ver":1},"inherit":null,"description":"CMatrixのワークフロー職員識別子列の定義です。"},"template":{"_code":{"_value":25,"_ver":1},"@value":{"index":"3_5_4","value":null},"index":"3_5_4","value":null},"prop":[{"key":"@value","type":{"of":"string","cmatrix":{"index":"3_5_4","reserved":true},"format":null,"unit":null,"candidate":null},"description":null,"isInherit":false}],"value":null,"attribute":null}',NULL,'test_user',NOW(),'test_user',NOW()),
    (26,26,1,84,'アプリケーション識別子列','CMatrixのアプリケーション識別子列の定義です。',NULL,NULL,False,False,'{"catalogItem":{"ns":"catalog/model/cmatrix/3/5","name":"アプリケーション識別子列","_code":{"_value":26,"_ver":1},"inherit":null,"description":"CMatrixのアプリケーション識別子列の定義です。"},"template":{"_code":{"_value":26,"_ver":1},"@value":{"index":"3_5_5","value":null},"index":"3_5_5","value":null},"prop":[{"key":"@value","type":{"of":"code","cmatrix":{"index":"3_5_5","reserved":true},"candidate":null},"description":null,"isInherit":false}],"value":null,"attribute":null}',NULL,'test_user',NOW(),'test_user',NOW()),
    (64,221,1,85,'イベントを発生させた個人識別子列','CMatrixのイベントを発生させた個人識別子列の定義です。',NULL,NULL,False,False,'{"catalogItem":{"ns":"catalog/model/cmatrix/3/6","name":"イベントを発生させた個人識別子列","_code":{"_value":221,"_ver":1},"inherit":null,"description":"CMatrixのイベントを発生させた個人識別子列の定義です。"},"template":{"_code":{"_value":221,"_ver":1},"@value":{"index":"3_6_1","value":null},"index":"3_6_1","value":null},"prop":[{"key":"@value","type":{"of":"string","cmatrix":{"index":"3_6_1","reserved":true},"format":null,"unit":null,"candidate":null},"description":null,"isInherit":false}],"value":null,"attribute":null}',NULL,'test_user',NOW(),'test_user',NOW()),
    (63,53,1,106,'イベント','イベントの定義です。',NULL,NULL,False,False,'{"catalogItem":{"ns":"catalog/model/event","name":"イベント","_code":{"_value":53,"_ver":1},"inherit":null,"description":"イベントの定義です。"},"template":{"_code":{"_value":53,"_ver":1},"app":null,"code":{"index":"3_1_2","value":{"_value":53,"_ver":1}},"end":{"index":"3_2_2","value":null},"env":null,"id":{"index":"3_1_1","value":null},"location":{"index":"3_3_1","value":null},"sourceId":null,"start":{"index":"3_2_1","value":null},"thing":null,"userId":null,"wf":null},"prop":[{"key":"app","type":{"of":"inner","inner":"App","cmatrix":null,"candidate":null},"description":"イベントを発生させたアプリケーションプロバイダー","isInherit":false},{"key":"code","type":{"of":"item","_code":{"_value":18,"_ver":1},"cmatrix":null,"candidate":null},"description":"イベント種別","isInherit":false},{"key":"end","type":{"of":"item","_code":{"_value":20,"_ver":1},"cmatrix":null,"candidate":null},"description":"イベント終了時刻","isInherit":false},{"key":"env","type":{"of":"item[]","cmatrix":null,"candidate":{"ns":["catalog/model/env/event/*","catalog/built_in/env/event/*","catalog/ext/aaa-healthcare-consortium/env/event/*"],"_code":null,"base":null}},"description":"イベント環境の配列","isInherit":false},{"key":"id","type":{"of":"item","_code":{"_value":17,"_ver":1},"cmatrix":null,"candidate":null},"description":"イベント識別子","isInherit":false},{"key":"location","type":{"of":"item","_code":{"_value":21,"_ver":1},"cmatrix":null,"candidate":null},"description":"イベント発生位置","isInherit":false},{"key":"sourceId","type":{"of":"string","cmatrix":null,"format":null,"unit":null,"candidate":null},"description":"イベントのソースID","isInherit":false},{"key":"start","type":{"of":"item","_code":{"_value":19,"_ver":1},"cmatrix":null,"candidate":null},"description":"イベント開始時刻","isInherit":false},{"key":"thing","type":{"of":"item[]","cmatrix":null,"candidate":{"ns":["catalog/model/thing/*","catalog/built_in/thing/*","catalog/ext/aaa-healthcare-consortium/thing/*"],"_code":null,"base":null}},"description":"モノの配列","isInherit":false},{"key":"userId","type":{"of":"item","_code":{"_value":221,"_ver":1},"cmatrix":null,"candidate":null},"description":"イベントを発生させた個人識別子","isInherit":false},{"key":"wf","type":{"of":"inner","inner":"Wf","cmatrix":null,"candidate":null},"description":"イベントを発生させたワークフロープロバイダー","isInherit":false}],"value":null,"attribute":null}',NULL,'test_user',NOW(),'test_user',NOW()),
    (596,1000811,1,366,'外来診療','N区総合病院のイベント（外来診療）の定義です。',53,1,False,False,'{"catalogItem":{"ns":"catalog/ext/aaa-healthcare-consortium/event/actor_1000438","name":"外来診療","_code":{"_value":1000811,"_ver":1},"inherit":{"_value":53,"_ver":1},"description":"N区総合病院のイベント（外来診療）の定義です。"},"template":{"_code":{"_value":1000811,"_ver":1},"app":null,"code":{"index":"3_1_2","value":{"_value":1000811,"_ver":1}},"end":{"index":"3_2_2","value":null},"env":null,"id":{"index":"3_1_1","value":null},"location":{"index":"3_3_1","value":null},"sourceId":null,"start":{"index":"3_2_1","value":null},"thing":null,"userId":{"index":"3_6_1","value":null},"wf":{"code":{"index":"3_5_1","value":{"_value":1000438,"_ver":1}},"wf":{"index":"3_5_2","value":{"_value":1000481,"_ver":1}}}},"prop":[{"key":"app","type":{"of":"inner","inner":"App","cmatrix":null,"candidate":null},"description":"イベントを発生させたアプリケーションプロバイダー","isInherit":true},{"key":"code","type":{"of":"item","_code":{"_value":18,"_ver":1},"cmatrix":null,"candidate":null},"description":"イベント種別","isInherit":true},{"key":"end","type":{"of":"item","_code":{"_value":20,"_ver":1},"cmatrix":null,"candidate":null},"description":"イベント終了時刻","isInherit":true},{"key":"env","type":{"of":"item[]","cmatrix":null,"candidate":{"ns":["catalog/model/env/event/*","catalog/built_in/env/event/*","catalog/ext/aaa-healthcare-consortium/env/event/*"],"_code":null,"base":null}},"description":"イベント環境の配列","isInherit":true},{"key":"id","type":{"of":"item","_code":{"_value":17,"_ver":1},"cmatrix":null,"candidate":null},"description":"イベント識別子","isInherit":true},{"key":"location","type":{"of":"item","_code":{"_value":21,"_ver":1},"cmatrix":null,"candidate":null},"description":"イベント発生位置","isInherit":true},{"key":"sourceId","type":{"of":"string","cmatrix":null,"format":null,"unit":null,"candidate":null},"description":"イベントのソースID","isInherit":true},{"key":"start","type":{"of":"item","_code":{"_value":19,"_ver":1},"cmatrix":null,"candidate":null},"description":"イベント開始時刻","isInherit":true},{"key":"userId","type":{"of":"item","_code":{"_value":221,"_ver":1},"cmatrix":null,"candidate":null},"description":"イベントを発生させた個人識別子","isInherit":true},{"key":"wf","type":{"of":"inner","inner":"Wf","cmatrix":null,"candidate":null},"description":"イベントを発生させたワークフロープロバイダー","isInherit":true},{"key":"thing","type":{"of":"item[]","cmatrix":null,"candidate":{"ns":null,"_code":[{"_value":1000814,"_ver":1},{"_value":1000815,"_ver":1},{"_value":1000816,"_ver":1},{"_value":1000817,"_ver":1},{"_value":1000818,"_ver":1}],"base":null}},"description":"モノの配列","isInherit":false}],"value":[{"key":"code","value":[{"key":"_value","value":1000811},{"key":"_ver","value":1}]},{"key":"wf","value":[{"key":"code","value":[{"key":"_value","value":1000438},{"key":"_ver","value":1}]},{"key":"wf","value":[{"key":"_value","value":1000481},{"key":"_ver","value":1}]}]}],"attribute":null}',NULL,'test_user',NOW(),'test_user',NOW()),
    (597,1000814,1,450,'検査結果','N区総合病院のモノ（検査結果）の定義です。',55,1,False,False,'{"catalogItem":{"ns":"catalog/ext/aaa-healthcare-consortium/thing/actor_1000438","name":"検査結果","_code":{"_value":1000814,"_ver":1},"inherit":{"_value":55,"_ver":1},"description":"N区総合病院のモノ（検査結果）の定義です。"},"template":{"_code":{"_value":1000814,"_ver":1},"app":null,"code":{"index":"4_1_2","value":{"_value":1000814,"_ver":1}},"env":null,"id":{"index":"4_1_1","value":null},"sourceId":null,"wf":null,"result_time":{"index":"4_2_2_1","value":null},"result_url":{"index":"4_2_3_2_1","value":null}},"prop":[{"key":"app","type":{"of":"inner","inner":"App","cmatrix":null,"candidate":null},"description":"イベントを発生させたアプリケーションプロバイダー","isInherit":true},{"key":"code","type":{"of":"item","_code":{"_value":28,"_ver":1},"cmatrix":null,"candidate":null},"description":"モノ種別","isInherit":true},{"key":"env","type":{"of":"item[]","cmatrix":{"index":"4_3_(n)","reserved":false},"candidate":{"ns":["catalog/model/env/thing/*","catalog/built_in/env/thing/*","catalog/ext/aaa-healthcare-consortium/env/thing/*"],"_code":null,"base":null}},"description":"モノ環境の配列","isInherit":true},{"key":"id","type":{"of":"item","_code":{"_value":27,"_ver":1},"cmatrix":null,"candidate":null},"description":"モノ識別子","isInherit":true},{"key":"sourceId","type":{"of":"string","cmatrix":null,"format":null,"unit":null,"candidate":null},"description":"モノのソースID","isInherit":true},{"key":"wf","type":{"of":"inner","inner":"Wf","cmatrix":null,"candidate":null},"description":"イベントを発生させたワークフロープロバイダー","isInherit":true},{"key":"result_time","type":{"of":"string","cmatrix":{"index":"4_2_2_1","reserved":false},"format":{"_value":6,"_ver":1},"unit":null,"candidate":null},"description":"結果登録時刻","isInherit":false},{"key":"result_url","type":{"of":"string","cmatrix":{"index":"4_2_3_2_1","reserved":false},"format":null,"unit":null,"candidate":null},"description":"検査結果URL","isInherit":false}],"value":[{"key":"code","value":[{"key":"_value","value":1000814},{"key":"_ver","value":1}]}],"attribute":null}',NULL,'test_user',NOW(),'test_user',NOW()),
    (598,1000815,1,450,'病名','N区総合病院のモノ（病名）の定義です。',55,1,False,False,'{"catalogItem":{"ns":"catalog/ext/aaa-healthcare-consortium/thing/actor_1000438","name":"病名","_code":{"_value":1000815,"_ver":1},"inherit":{"_value":55,"_ver":1},"description":"N区総合病院のモノ（病名）の定義です。"},"template":{"_code":{"_value":1000815,"_ver":1},"app":null,"code":{"index":"4_1_2","value":{"_value":1000815,"_ver":1}},"env":null,"id":{"index":"4_1_1","value":null},"sourceId":null,"wf":null,"diagnosis_time":{"index":"4_2_2_1","value":null},"disease_name":{"index":"4_2_3_3_2","value":null}},"prop":[{"key":"app","type":{"of":"inner","inner":"App","cmatrix":null,"candidate":null},"description":"イベントを発生させたアプリケーションプロバイダー","isInherit":true},{"key":"code","type":{"of":"item","_code":{"_value":28,"_ver":1},"cmatrix":null,"candidate":null},"description":"モノ種別","isInherit":true},{"key":"env","type":{"of":"item[]","cmatrix":{"index":"4_3_(n)","reserved":false},"candidate":{"ns":["catalog/model/env/thing/*","catalog/built_in/env/thing/*","catalog/ext/aaa-healthcare-consortium/env/thing/*"],"_code":null,"base":null}},"description":"モノ環境の配列","isInherit":true},{"key":"id","type":{"of":"item","_code":{"_value":27,"_ver":1},"cmatrix":null,"candidate":null},"description":"モノ識別子","isInherit":true},{"key":"sourceId","type":{"of":"string","cmatrix":null,"format":null,"unit":null,"candidate":null},"description":"モノのソースID","isInherit":true},{"key":"wf","type":{"of":"inner","inner":"Wf","cmatrix":null,"candidate":null},"description":"イベントを発生させたワークフロープロバイダー","isInherit":true},{"key":"diagnosis_time","type":{"of":"string","cmatrix":{"index":"4_2_2_1","reserved":false},"format":{"_value":6,"_ver":1},"unit":null,"candidate":null},"description":"診断時刻","isInherit":false},{"key":"disease_name","type":{"of":"string","cmatrix":{"index":"4_2_3_3_2","reserved":false},"format":null,"unit":null,"candidate":null},"description":"病名","isInherit":false}],"value":[{"key":"code","value":[{"key":"_value","value":1000815},{"key":"_ver","value":1}]}],"attribute":null}',NULL,'test_user',NOW(),'test_user',NOW()),
    (599,1000816,1,450,'処方箋','N区総合病院のモノ（処方箋）の定義です。',55,1,False,False,'{"catalogItem":{"ns":"catalog/ext/aaa-healthcare-consortium/thing/actor_1000438","name":"処方箋","_code":{"_value":1000816,"_ver":1},"inherit":{"_value":55,"_ver":1},"description":"N区総合病院のモノ（処方箋）の定義です。"},"template":{"_code":{"_value":1000816,"_ver":1},"app":null,"code":{"index":"4_1_2","value":{"_value":1000816,"_ver":1}},"env":null,"id":{"index":"4_1_1","value":null},"sourceId":null,"wf":null,"create_time":{"index":"4_2_2_1","value":null},"prescription_url":{"index":"4_2_3_2_1","value":null}},"prop":[{"key":"app","type":{"of":"inner","inner":"App","cmatrix":null,"candidate":null},"description":"イベントを発生させたアプリケーションプロバイダー","isInherit":true},{"key":"code","type":{"of":"item","_code":{"_value":28,"_ver":1},"cmatrix":null,"candidate":null},"description":"モノ種別","isInherit":true},{"key":"env","type":{"of":"item[]","cmatrix":{"index":"4_3_(n)","reserved":false},"candidate":{"ns":["catalog/model/env/thing/*","catalog/built_in/env/thing/*","catalog/ext/aaa-healthcare-consortium/env/thing/*"],"_code":null,"base":null}},"description":"モノ環境の配列","isInherit":true},{"key":"id","type":{"of":"item","_code":{"_value":27,"_ver":1},"cmatrix":null,"candidate":null},"description":"モノ識別子","isInherit":true},{"key":"sourceId","type":{"of":"string","cmatrix":null,"format":null,"unit":null,"candidate":null},"description":"モノのソースID","isInherit":true},{"key":"wf","type":{"of":"inner","inner":"Wf","cmatrix":null,"candidate":null},"description":"イベントを発生させたワークフロープロバイダー","isInherit":true},{"key":"create_time","type":{"of":"string","cmatrix":{"index":"4_2_2_1","reserved":false},"format":{"_value":6,"_ver":1},"unit":null,"candidate":null},"description":"処方箋作成時刻","isInherit":false},{"key":"prescription_url","type":{"of":"string","cmatrix":{"index":"4_2_3_2_1","reserved":false},"format":null,"unit":null,"candidate":null},"description":"処方箋URL","isInherit":false}],"value":[{"key":"code","value":[{"key":"_value","value":1000816},{"key":"_ver","value":1}]}],"attribute":null}',NULL,'test_user',NOW(),'test_user',NOW()),
    (600,1000817,1,450,'紹介状','N区総合病院のモノ（紹介状）の定義です。',55,1,False,False,'{"catalogItem":{"ns":"catalog/ext/aaa-healthcare-consortium/thing/actor_1000438","name":"紹介状","_code":{"_value":1000817,"_ver":1},"inherit":{"_value":55,"_ver":1},"description":"N区総合病院のモノ（紹介状）の定義です。"},"template":{"_code":{"_value":1000817,"_ver":1},"app":null,"code":{"index":"4_1_2","value":{"_value":1000817,"_ver":1}},"env":null,"id":{"index":"4_1_1","value":null},"sourceId":null,"wf":null,"create_time":{"index":"4_2_2_1","value":null},"letter_of_introduction_url":{"index":"4_2_3_2_1","value":null}},"prop":[{"key":"app","type":{"of":"inner","inner":"App","cmatrix":null,"candidate":null},"description":"イベントを発生させたアプリケーションプロバイダー","isInherit":true},{"key":"code","type":{"of":"item","_code":{"_value":28,"_ver":1},"cmatrix":null,"candidate":null},"description":"モノ種別","isInherit":true},{"key":"env","type":{"of":"item[]","cmatrix":{"index":"4_3_(n)","reserved":false},"candidate":{"ns":["catalog/model/env/thing/*","catalog/built_in/env/thing/*","catalog/ext/aaa-healthcare-consortium/env/thing/*"],"_code":null,"base":null}},"description":"モノ環境の配列","isInherit":true},{"key":"id","type":{"of":"item","_code":{"_value":27,"_ver":1},"cmatrix":null,"candidate":null},"description":"モノ識別子","isInherit":true},{"key":"sourceId","type":{"of":"string","cmatrix":null,"format":null,"unit":null,"candidate":null},"description":"モノのソースID","isInherit":true},{"key":"wf","type":{"of":"inner","inner":"Wf","cmatrix":null,"candidate":null},"description":"イベントを発生させたワークフロープロバイダー","isInherit":true},{"key":"create_time","type":{"of":"string","cmatrix":{"index":"4_2_2_1","reserved":false},"format":{"_value":6,"_ver":1},"unit":null,"candidate":null},"description":"紹介状作成時刻","isInherit":false},{"key":"letter_of_introduction_url","type":{"of":"string","cmatrix":{"index":"4_2_3_2_1","reserved":false},"format":null,"unit":null,"candidate":null},"description":"紹介状URL","isInherit":false}],"value":[{"key":"code","value":[{"key":"_value","value":1000817},{"key":"_ver","value":1}]}],"attribute":null}',NULL,'test_user',NOW(),'test_user',NOW()),
    (601,1000818,1,450,'サービス利用記録','N区総合病院のモノ（サービス利用記録）の定義です。',55,1,False,False,'{"catalogItem":{"ns":"catalog/ext/aaa-healthcare-consortium/thing/actor_1000438","name":"サービス利用記録","_code":{"_value":1000818,"_ver":1},"inherit":{"_value":55,"_ver":1},"description":"N区総合病院のモノ（サービス利用記録）の定義です。"},"template":{"_code":{"_value":1000818,"_ver":1},"app":null,"code":{"index":"4_1_2","value":{"_value":1000818,"_ver":1}},"env":null,"id":{"index":"4_1_1","value":null},"sourceId":null,"wf":null,"usage_record":{"index":"4_2_3_3_2","value":null},"usage_record_time":{"index":"4_2_2_1","value":null}},"prop":[{"key":"app","type":{"of":"inner","inner":"App","cmatrix":null,"candidate":null},"description":"イベントを発生させたアプリケーションプロバイダー","isInherit":true},{"key":"code","type":{"of":"item","_code":{"_value":28,"_ver":1},"cmatrix":null,"candidate":null},"description":"モノ種別","isInherit":true},{"key":"env","type":{"of":"item[]","cmatrix":{"index":"4_3_(n)","reserved":false},"candidate":{"ns":["catalog/model/env/thing/*","catalog/built_in/env/thing/*","catalog/ext/aaa-healthcare-consortium/env/thing/*"],"_code":null,"base":null}},"description":"モノ環境の配列","isInherit":true},{"key":"id","type":{"of":"item","_code":{"_value":27,"_ver":1},"cmatrix":null,"candidate":null},"description":"モノ識別子","isInherit":true},{"key":"sourceId","type":{"of":"string","cmatrix":null,"format":null,"unit":null,"candidate":null},"description":"モノのソースID","isInherit":true},{"key":"wf","type":{"of":"inner","inner":"Wf","cmatrix":null,"candidate":null},"description":"イベントを発生させたワークフロープロバイダー","isInherit":true},{"key":"usage_record","type":{"of":"string","cmatrix":{"index":"4_2_3_3_2","reserved":false},"format":null,"unit":null,"candidate":null},"description":"利用記録","isInherit":false},{"key":"usage_record_time","type":{"of":"string","cmatrix":{"index":"4_2_2_1","reserved":false},"format":{"_value":6,"_ver":1},"unit":null,"candidate":null},"description":"利用記録作成時刻","isInherit":false}],"value":[{"key":"code","value":[{"key":"_value","value":1000818},{"key":"_ver","value":1}]}],"attribute":null}',NULL,'test_user',NOW(),'test_user',NOW());

INSERT INTO pxr_catalog.catalog_relationship(id,catalog_item_id,ref_catalog_item_id,ref_type,is_get_latest,item_template_id,template_property_id,property_candidate_id,is_disabled,attributes,created_by,created_at,updated_by,updated_at) VALUES
    (161,596,597,'candidate',False,536,676,524,False,NULL,'test_user',NOW(),'test_user',NOW()),
    (162,596,598,'candidate',False,536,676,525,False,NULL,'test_user',NOW(),'test_user',NOW()),
    (163,596,599,'candidate',False,536,676,526,False,NULL,'test_user',NOW(),'test_user',NOW()),
    (164,596,600,'candidate',False,536,676,527,False,NULL,'test_user',NOW(),'test_user',NOW()),
    (165,596,601,'candidate',False,536,676,528,False,NULL,'test_user',NOW(),'test_user',NOW());

INSERT INTO pxr_catalog.item_template(id,catalog_item_id,template_property_id,template,inner_name,inner_inherit_code,inner_inherit_version,is_disabled,response,attributes,created_by,created_at,updated_by,updated_at) VALUES
    (73,63,NULL,NULL,NULL,NULL,NULL,False,NULL,NULL,'test_user',NOW(),'test_user',NOW()),
    (74,63,180,NULL,'App',NULL,NULL,False,NULL,NULL,'test_user',NOW(),'test_user',NOW()),
    (75,63,183,NULL,'Wf',NULL,NULL,False,NULL,NULL,'test_user',NOW(),'test_user',NOW()),
    (9,17,NULL,NULL,NULL,NULL,NULL,False,NULL,NULL,'test_user',NOW(),'test_user',NOW()),
    (10,18,NULL,NULL,NULL,NULL,NULL,False,NULL,NULL,'test_user',NOW(),'test_user',NOW()),
    (11,19,NULL,NULL,NULL,NULL,NULL,False,NULL,NULL,'test_user',NOW(),'test_user',NOW()),
    (12,20,NULL,NULL,NULL,NULL,NULL,False,NULL,NULL,'test_user',NOW(),'test_user',NOW()),
    (13,21,NULL,NULL,NULL,NULL,NULL,False,NULL,NULL,'test_user',NOW(),'test_user',NOW()),
    (14,22,NULL,NULL,NULL,NULL,NULL,False,NULL,NULL,'test_user',NOW(),'test_user',NOW()),
    (15,23,NULL,NULL,NULL,NULL,NULL,False,NULL,NULL,'test_user',NOW(),'test_user',NOW()),
    (16,24,NULL,NULL,NULL,NULL,NULL,False,NULL,NULL,'test_user',NOW(),'test_user',NOW()),
    (17,25,NULL,NULL,NULL,NULL,NULL,False,NULL,NULL,'test_user',NOW(),'test_user',NOW()),
    (18,26,NULL,NULL,NULL,NULL,NULL,False,NULL,NULL,'test_user',NOW(),'test_user',NOW()),
    (306,64,NULL,NULL,NULL,NULL,NULL,False,NULL,NULL,'test_user',NOW(),'test_user',NOW());

INSERT INTO pxr_catalog.ns(id,type,name,description,is_disabled,attributes,created_by,created_at,updated_by,updated_at) VALUES
    (80,'model','catalog/model/cmatrix/3/1','イベント識別子列を定義するための名前空間です。',False,NULL,'test_user',NOW(),'test_user',NOW()),
    (81,'model','catalog/model/cmatrix/3/2','イベント時刻列を定義するための名前空間です。',False,NULL,'test_user',NOW(),'test_user',NOW()),
    (82,'model','catalog/model/cmatrix/3/3','イベント位置列を定義するための名前空間です。',False,NULL,'test_user',NOW(),'test_user',NOW()),
    (84,'model','catalog/model/cmatrix/3/5','アクター列を定義するための名前空間です。',False,NULL,'test_user',NOW(),'test_user',NOW()),
    (85,'model','catalog/model/cmatrix/3/6','個人属性列を定義するための名前空間です。',False,NULL,'test_user',NOW(),'test_user',NOW()),
    (106,'model','catalog/model/event','イベントを定義するための名前空間です。',False,NULL,'test_user',NOW(),'test_user',NOW()),
    (366,'ext','catalog/ext/aaa-healthcare-consortium/event/actor_1000438','N区総合病院のイベントを定義するための名前空間です。',False,NULL,'test_user',NOW(),'test_user',NOW()),
    (450,'ext','catalog/ext/aaa-healthcare-consortium/thing/actor_1000438','N区総合病院のモノを定義するための名前空間です。',False,NULL,'test_user',NOW(),'test_user',NOW()),
    (104,'model','catalog/model/env/event','イベントに関する環境情報を定義するための名前空間です。',False,NULL,'test_user',NOW(),'test_user',NOW()),
    (160,'model','catalog/model/thing','モノを定義するための名前空間です。',False,NULL,'test_user',NOW(),'test_user',NOW()),
    (191,'built_in','catalog/built_in/env/event','イベントに関する環境情報を定義するための名前空間です。',False,NULL,'test_user',NOW(),'test_user',NOW()),
    (231,'built_in','catalog/built_in/thing','モノを定義するための名前空間です。',False,NULL,'test_user',NOW(),'test_user',NOW()),
    (361,'ext','catalog/ext/aaa-healthcare-consortium/env/event','イベントに関する環境情報を定義するための名前空間です。',False,NULL,'test_user',NOW(),'test_user',NOW()),
    (447,'ext','catalog/ext/aaa-healthcare-consortium/thing','モノを定義するための名前空間です。',False,NULL,'test_user',NOW(),'test_user',NOW());

INSERT INTO pxr_catalog.template_property(id,item_template_id,key_name,type,code,version,filter,index_key,format_code,format_version,unit_code,unit_version,description,is_disabled,attributes,created_by,created_at,updated_by,updated_at) VALUES
    (173,73,'sourceId','string',NULL,NULL,NULL,NULL,NULL,NULL,NULL,NULL,'イベントのソースID',False,NULL,'test_user',NOW(),'test_user',NOW()),
    (174,73,'id','item',17,1,NULL,NULL,NULL,NULL,NULL,NULL,'イベント識別子',False,NULL,'test_user',NOW(),'test_user',NOW()),
    (175,73,'code','item',18,1,NULL,NULL,NULL,NULL,NULL,NULL,'イベント種別',False,NULL,'test_user',NOW(),'test_user',NOW()),
    (176,73,'start','item',19,1,NULL,NULL,NULL,NULL,NULL,NULL,'イベント開始時刻',False,NULL,'test_user',NOW(),'test_user',NOW()),
    (177,73,'end','item',20,1,NULL,NULL,NULL,NULL,NULL,NULL,'イベント終了時刻',False,NULL,'test_user',NOW(),'test_user',NOW()),
    (178,73,'location','item',21,1,NULL,NULL,NULL,NULL,NULL,NULL,'イベント発生位置',False,NULL,'test_user',NOW(),'test_user',NOW()),
    (179,73,'env','item[]',NULL,NULL,NULL,NULL,NULL,NULL,NULL,NULL,'イベント環境の配列',False,NULL,'test_user',NOW(),'test_user',NOW()),
    (180,73,'app','inner',NULL,NULL,NULL,NULL,NULL,NULL,NULL,NULL,'イベントを発生させたアプリケーションプロバイダー',False,NULL,'test_user',NOW(),'test_user',NOW()),
    (181,74,'code','item',22,1,NULL,NULL,NULL,NULL,NULL,NULL,'アプリケーションプロバイダーの識別子',False,NULL,'test_user',NOW(),'test_user',NOW()),
    (182,74,'app','item',26,1,NULL,NULL,NULL,NULL,NULL,NULL,'アプリケーション識別子',False,NULL,'test_user',NOW(),'test_user',NOW()),
    (183,73,'wf','inner',NULL,NULL,NULL,NULL,NULL,NULL,NULL,NULL,'イベントを発生させたワークフロープロバイダー',False,NULL,'test_user',NOW(),'test_user',NOW()),
    (184,75,'code','item',22,1,NULL,NULL,NULL,NULL,NULL,NULL,'ワークフロープロバイダーの識別子',False,NULL,'test_user',NOW(),'test_user',NOW()),
    (185,75,'wf','item',23,1,NULL,NULL,NULL,NULL,NULL,NULL,'ワークフロー識別子',False,NULL,'test_user',NOW(),'test_user',NOW()),
    (186,75,'role','item',24,1,NULL,NULL,NULL,NULL,NULL,NULL,'ワークフロー職員のロール',False,NULL,'test_user',NOW(),'test_user',NOW()),
    (187,75,'staffId','item',25,1,NULL,NULL,NULL,NULL,NULL,NULL,'ワークフロー職員の識別子',False,NULL,'test_user',NOW(),'test_user',NOW()),
    (188,73,'userId','item',221,1,NULL,NULL,NULL,NULL,NULL,NULL,'イベントを発生させた個人識別子',False,NULL,'test_user',NOW(),'test_user',NOW()),
    (189,73,'thing','item[]',NULL,NULL,NULL,NULL,NULL,NULL,NULL,NULL,'モノの配列',False,NULL,'test_user',NOW(),'test_user',NOW()),
    (10,9,'@value','string',NULL,NULL,NULL,'3_1_1',NULL,NULL,NULL,NULL,NULL,False,NULL,'test_user',NOW(),'test_user',NOW()),
    (11,10,'@value','code',NULL,NULL,NULL,'3_1_2',NULL,NULL,NULL,NULL,NULL,False,NULL,'test_user',NOW(),'test_user',NOW()),
    (12,11,'@value','string',NULL,NULL,NULL,'3_2_1',6,1,NULL,NULL,NULL,False,NULL,'test_user',NOW(),'test_user',NOW()),
    (13,12,'@value','string',NULL,NULL,NULL,'3_2_2',6,1,NULL,NULL,NULL,False,NULL,'test_user',NOW(),'test_user',NOW()),
    (14,13,'@value','string',NULL,NULL,NULL,'3_3_1',1,1,NULL,NULL,NULL,False,NULL,'test_user',NOW(),'test_user',NOW()),
    (15,14,'@value','code',NULL,NULL,NULL,'3_5_1',NULL,NULL,NULL,NULL,NULL,False,NULL,'test_user',NOW(),'test_user',NOW()),
    (16,15,'@value','code',NULL,NULL,NULL,'3_5_2',NULL,NULL,NULL,NULL,NULL,False,NULL,'test_user',NOW(),'test_user',NOW()),
    (17,16,'@value','code',NULL,NULL,NULL,'3_5_3',NULL,NULL,NULL,NULL,NULL,False,NULL,'test_user',NOW(),'test_user',NOW()),
    (18,17,'@value','string',NULL,NULL,NULL,'3_5_4',NULL,NULL,NULL,NULL,NULL,False,NULL,'test_user',NOW(),'test_user',NOW()),
    (19,18,'@value','code',NULL,NULL,NULL,'3_5_5',NULL,NULL,NULL,NULL,NULL,False,NULL,'test_user',NOW(),'test_user',NOW()),
    (655,306,'@value','string',NULL,NULL,NULL,'3_6_1',NULL,NULL,NULL,NULL,NULL,False,NULL,'test_user',NOW(),'test_user',NOW());

INSERT INTO pxr_catalog.template_code(id,template_property_id,code,version,is_disabled,attributes,created_by,created_at,updated_by,updated_at) VALUES
    (14,174,17,1,False,NULL,'test_user',NOW(),'test_user',NOW()),
    (15,175,18,1,False,NULL,'test_user',NOW(),'test_user',NOW()),
    (16,176,19,1,False,NULL,'test_user',NOW(),'test_user',NOW()),
    (17,177,20,1,False,NULL,'test_user',NOW(),'test_user',NOW()),
    (18,178,21,1,False,NULL,'test_user',NOW(),'test_user',NOW()),
    (19,181,22,1,False,NULL,'test_user',NOW(),'test_user',NOW()),
    (20,182,26,1,False,NULL,'test_user',NOW(),'test_user',NOW()),
    (21,184,22,1,False,NULL,'test_user',NOW(),'test_user',NOW()),
    (22,185,23,1,False,NULL,'test_user',NOW(),'test_user',NOW()),
    (23,186,24,1,False,NULL,'test_user',NOW(),'test_user',NOW()),
    (24,187,25,1,False,NULL,'test_user',NOW(),'test_user',NOW()),
    (25,188,221,1,False,NULL,'test_user',NOW(),'test_user',NOW());

INSERT INTO pxr_catalog.property_candidate(id,template_property_id,ns_id,is_descendant,code,version,base_code,base_version,"value",inners,description,is_disabled,created_by,created_at,updated_by,updated_at) VALUES
    (524,676,NULL,False,1000814,1,NULL,NULL,NULL,NULL,NULL,False,'test_user',NOW(),'test_user',NOW()),
    (525,676,NULL,False,1000815,1,NULL,NULL,NULL,NULL,NULL,False,'test_user',NOW(),'test_user',NOW()),
    (526,676,NULL,False,1000816,1,NULL,NULL,NULL,NULL,NULL,False,'test_user',NOW(),'test_user',NOW()),
    (527,676,NULL,False,1000817,1,NULL,NULL,NULL,NULL,NULL,False,'test_user',NOW(),'test_user',NOW()),
    (528,676,NULL,False,1000818,1,NULL,NULL,NULL,NULL,NULL,False,'test_user',NOW(),'test_user',NOW()),
    (107,179,104,True,NULL,NULL,NULL,NULL,NULL,NULL,NULL,False,'test_user',NOW(),'test_user',NOW()),
    (108,179,191,True,NULL,NULL,NULL,NULL,NULL,NULL,NULL,False,'test_user',NOW(),'test_user',NOW()),
    (109,179,361,True,NULL,NULL,NULL,NULL,NULL,NULL,NULL,False,'test_user',NOW(),'test_user',NOW()),
    (110,189,160,True,NULL,NULL,NULL,NULL,NULL,NULL,NULL,False,'test_user',NOW(),'test_user',NOW()),
    (111,189,231,True,NULL,NULL,NULL,NULL,NULL,NULL,NULL,False,'test_user',NOW(),'test_user',NOW()),
    (112,189,447,True,NULL,NULL,NULL,NULL,NULL,NULL,NULL,False,'test_user',NOW(),'test_user',NOW());

INSERT INTO pxr_catalog.cmatrix_index(id,catalog_item_id,index_key,"value",reserved,is_disabled,attributes,created_by,created_at,updated_by,updated_at) VALUES
    (7,17,'3_1_1',NULL,True,False,NULL,'test_user',NOW(),'test_user',NOW()),
    (8,18,'3_1_2',NULL,True,False,NULL,'test_user',NOW(),'test_user',NOW()),
    (9,19,'3_2_1',NULL,True,False,NULL,'test_user',NOW(),'test_user',NOW()),
    (10,20,'3_2_2',NULL,True,False,NULL,'test_user',NOW(),'test_user',NOW()),
    (11,21,'3_3_1',NULL,True,False,NULL,'test_user',NOW(),'test_user',NOW()),
    (12,22,'3_5_1',NULL,True,False,NULL,'test_user',NOW(),'test_user',NOW()),
    (13,23,'3_5_2',NULL,True,False,NULL,'test_user',NOW(),'test_user',NOW()),
    (14,24,'3_5_3',NULL,True,False,NULL,'test_user',NOW(),'test_user',NOW()),
    (15,25,'3_5_4',NULL,True,False,NULL,'test_user',NOW(),'test_user',NOW()),
    (16,26,'3_5_5',NULL,True,False,NULL,'test_user',NOW(),'test_user',NOW()),
    (46,64,'3_6_1',NULL,True,False,NULL,'test_user',NOW(),'test_user',NOW());
